Feature_Idx,Feature_Name,Value
0,Store,-0.003790998243050736
1,DayOfMonth,-0.016674192599287707
2,Week,0.0
3,Month,0.0
4,Year,0.0
5,DayOfYear,0.0
6,DayOfWeek,-0.11689291992536638
7,Open,0.0
8,Promo,-0.12129482978333289
9,SchoolHoliday,0.0
10,StateHoliday,0.0
11,StoreType,-0.029371715871618798
12,Assortment,-0.01134924864709319
13,CompetitionDistance,0.0
14,AvgSales,-0.22713755370513833
15,AvgCustomers,-0.10138957312411823
16,AvgSalesPerCustomer,-0.04393463666483688
