Feature_Idx,Feature_Name,Value
0,Store,-0.003231453955829411
1,DayOfMonth,-0.01676834576186581
2,Week,0.0
3,Month,0.0
4,Year,0.0
5,DayOfYear,0.0
6,DayOfWeek,-0.11661212741286203
7,Open,0.0
8,Promo,-0.12112318425828161
9,SchoolHoliday,0.0
10,StateHoliday,0.0
11,StoreType,-0.030096652530821832
12,Assortment,-0.01120765781803229
13,CompetitionDistance,0.0
14,AvgSales,-0.22709644853408711
15,AvgCustomers,-0.10128802014316574
16,AvgSalesPerCustomer,-0.044411778148897296
