Feature_Idx,Feature_Name,Value
0,Store,0.0
1,DayOfMonth,-0.015603330307275842
2,Week,0.0
3,Month,0.0
4,Year,0.0
5,DayOfYear,0.0
6,DayOfWeek,-0.11752018252332658
7,Open,0.0
8,Promo,-0.12145205639948758
9,SchoolHoliday,0.0
10,StateHoliday,0.0
11,StoreType,-0.029878896812457423
12,Assortment,-0.012854434291519945
13,CompetitionDistance,0.0
14,AvgSales,-0.2290271984964355
15,AvgCustomers,-0.09995679293766174
16,AvgSalesPerCustomer,-0.04554277679567864
