Feature_Idx,Feature_Name,Value
0,Store,-0.0034995272183098725
1,DayOfMonth,-0.01649708650303766
2,Week,0.0
3,Month,0.0
4,Year,0.0
5,DayOfYear,0.0
6,DayOfWeek,-0.11656285967816205
7,Open,0.0
8,Promo,-0.1213834304421067
9,SchoolHoliday,0.0
10,StateHoliday,0.0
11,StoreType,-0.029551663927615213
12,Assortment,-0.01148191382918673
13,CompetitionDistance,0.0
14,AvgSales,-0.22731260257591357
15,AvgCustomers,-0.10145888839537331
16,AvgSalesPerCustomer,-0.04408769599413809
