Feature_Idx,Feature_Name,Value
0,age,-1.4127805495197048
1,workclass,-0.2053856651490244
2,education,0.19082308785484325
3,education_num,-1.0197301776572454
4,marital_status,0.46553980317212784
5,occupation,0.9014164387063304
6,relationship,1.0885944871015867
7,race,0.4402557533684468
8,sex,-0.3979266687915348
9,capital_gain,0.5501581195053457
10,capital_loss,-0.631229402911889
11,hours_per_week,-0.05583164205077194
12,native_country,-0.4532464284415467
